,Datetime,Text
0,2023-01-27 01:10:02+00:00,"[??쵐竊쒏꽴臾믩열???] (???궗??????륁몛 25.29%)
??λ???????筌ｌ????륁궎??筌⊥?????????????源놁??쏆룇釉?????????퓝??뤿뻻?
?쎛????밸????袁る??????튋???쎛??館鍮????뼄.

#??쵐竊쒏꽴臾믩열??? #???읈??????챷??#??沅껇?紐꾩쁽 2023/01/27 10:09:58"
1,2023-01-26 01:08:00+00:00,"[??쵐竊쒏꽴臾믩열???](???궗??????륁몛 25.42%)
?袁⑹?????먯???????곸뵠 ??????┛, ??롫즲??쑬??묾??????袁⑸????????┛ 
?源놁몵嚥??쎛??멸쑴????뺚????ｋ궢??몄??????튋???쎛??館鍮????뼄.

#??쵐竊쒏꽴臾믩열??? #???읈??????챷??#??沅껇?紐꾩쁽 2023/01/26 10:07:38"
2,2023-01-26 01:01:00+00:00,"[??쵐竊쒏꽴臾믩열?? (???궗??????륁몛 25.42%)
?袁⑹?????먯???????곸뵠 ??????┛, ??롫즲??쑬??묾??????袁⑸????????┛ 
?源놁몵嚥??쎛??멸쑴?????쭔 ??ｋ궢??몄??????튋???쎛??館鍮????뼄.

#??쵐竊쒏꽴臾믩열??#???읈??????챷??#??沅껇?紐꾩쁽 2023/01/26 10:00:30"
3,2023-01-25 01:24:00+00:00,"[??쵐竊쒏꽴臾믩열???] (???궗??????륁몛 25.52%)
?紐껁????????쏆룇釉????곸뒠???┛, 繹?뫀????????븍릭?????쎛????밸????븐넞
 ??20% ??눘??????퓝??????????강??곻폒?紐꾩??
#??쵐竊쒏꽴臾믩열??? #???읈??????챷??#??沅껇?紐꾩쁽 2023/01/25 10:23:37"
4,2023-01-20 00:57:30+00:00,"[??쵐竊쒏꽴臾믩열???] (???궗??????륁몛 25.83%)
??????쑬??묾?좊???????롫즲?쏅?뺟몴???꾩퍢????됰?筌??紐껁??? ??롫즲????????
??몄???뤿릍 ?類ㅼ????곌????? ?????튋???쎛??館鍮????뼄.

#??쵐竊쒏꽴臾믩열??? #???읈??????챷??#??沅껇?紐꾩쁽 2023/01/20 09:57:05"
5,2023-01-19 01:01:01+00:00,"[??쵐竊쒏꽴臾믩열???] (???궗??????륁몛 25.90%)
?????????? ???뜖??? 餓κ쑴?졿묾? ??브탢筌왖?????????┛ ??
??????몄?20% ?????튋 ???퓝??????????강???뚯?苑??

#??쵐竊쒏꽴臾믩열??? #???읈??????챷??#??沅껇?紐꾩쁽 2023/01/19 10:00:46"
6,2023-01-18 00:57:30+00:00,"[??쵐竊쒏꽴臾믩열???](???궗??????륁몛 25.9%)
???????뽰삂??롫뮉 ?쎛????밸???????튋! ??롫즲?쏅????뤿릍???? ??롫즲??? ??됰??????20% ??눘??????퓝??????????강??곻폒?紐꾩??

#??쵐竊쒏꽴臾믩열??? #???읈??????챷??#??沅껇?紐꾩쁽 2023/01/18 09:57:22"
7,2023-01-16 01:00:32+00:00,"[??쵐竊쒏꽴臾믩열???](???궗??????륁몛 25.83%)?쎛????밸????袁る????뫀??첎癒? 筌뤴뫁釉???紐낃???┛,?紐낃맒疫???륁맄????뫀??첎癒???????筌띿?苡??곌??? 筌띾????諛????????뱀????퓝??밸뻻??

#??쵐竊쒏꽴臾믩열??? #???읈??????챷??#??沅껇?紐꾩쁽 2023/01/16 10:00:22"
8,2023-01-13 01:06:30+00:00,"[??쵐竊쒏꽴臾믩열??(???궗??????륁몛 23.80%)??롫즲?쏅????뤿릍???? ??롫즲??? ????됰?疫? ??????袁④???곌???????븐넞 ???????튋??곗쨮 ?쎛????袁㏓????밸????????????뼄.

#??쵐竊쒏꽴臾믩열??#???읈??????챷??#??沅껇?紐꾩쁽 2023/01/13 10:06:19"
9,2023-01-12 01:04:00+00:00,"[??쵐竊쒏꽴臾믩열??(???궗??????륁몛 23.93%) ?봔????????브탢筌왖??????? ???窺筌????????? ????브탢筌왖????┛ ?源놁몵嚥??쎛????袁㏓????밸????┛ ?袁る??????튋?????퓝?쏅?????뼄.

#??쵐竊쒏꽴臾믩열??#???읈??????챷??#??沅껇?紐꾩쁽 2023/01/12 10:03:50"
10,2023-01-11 01:13:00+00:00,"[??쵐竊쒏꽴臾믩열??(???궗??????륁몛 24.07%) ??????쎛??멸쑴??筌왖?????????뺤???λ???????筌ｌ????륁궎??筌⊥??????????????쏆룇釉??????븍릭?????????튋?????강??곻폒?紐꾩??

#??쵐竊쒏꽴臾믩열??#???읈??????챷??#??沅껇?紐꾩쁽 2023/01/11 10:12:39"
11,2023-01-10 01:09:31+00:00,"[??쵐竊쒏꽴臾믩열?? (???궗??????륁몛 24.20%) ??롫즲?쏅????뤿릍???? 筌뤴뫁釉????뫀????┛, ????????????┛ ????븐넞 ????????뵠 筌뤴뫁肉?筌띾?? ??????눘?????튋???????????뼄.

#??쵐竊쒏꽴臾믩열??#???읈??????챷??#??沅껇?紐꾩쁽 2023/01/10 10:09:26"
12,2023-01-09 01:00:01+00:00,"[??쵐竊쒏꽴臾믩열??(???궗??????륁몛 24.34%) ?쎛??멸쑴???밸????┛ ?袁る???븐넞 ???????곗쨮 ??롫즲?쏅????뤿릍???? ???뜖??? 餓κ쑴?졿묾?????????몄??????튋 ???퓝???袁⑹???몃빍??

#??쵐竊쒏꽴臾믩열??#???읈??????챷??#??沅껇?紐꾩쁽 2023/01/09 09:59:35"
13,2023-01-06 01:01:31+00:00,"[??쵐竊쒏꽴臾믩열??(???궗??????륁몛 24.78%)?????㎉?뤿?????롫즲??? ??됰?疫? ?꿸?已??????????紐꾩????┛, ??뫀??첎癒? 筌뤴뫁釉???紐낃???┛ ?源놁몵嚥??쎛????袁㏓???밸??????강??밸뻻??

#??쵐竊쒏꽴臾믩열??#???읈??????챷??#??沅껇?紐꾩쁽 2023/01/06 10:01:09"
14,2023-01-05 01:46:31+00:00,"[??쵐竊쒏꽴臾믩열??(???궗??????륁몛 24.95%) 筌왖????┷???쎛??멸쑴??????눘? ?쏆룇釉?????? ??롫즲??? ????됰?疫? 繹?뫀????????????븐넞 ???????튋??????????강??곻폒?紐꾩??

#??쵐竊쒏꽴臾믩열??#???읈??????챷??#??沅껇?紐꾩쁽 2023/01/05 10:46:06"
15,2023-01-04 01:00:30+00:00,"[??쵐竊쒏꽴臾믩열??(???궗??????륁몛 25.12%)??????쎛??멸쑴?????????튋?? ?袁⑸?? ?袁⑸?????, ??쑬??묾???뤿릍?곌??? ???뜖??? 餓κ쑴?졿묾?????븐넞 ???????튋??????????퓝??밸뻻??

#??쵐竊쒏꽴臾믩열??#???읈??????챷??#??沅껇?紐꾩쁽 2023/01/04 10:00:01"
16,2023-01-03 01:13:30+00:00,"[??쵐竊쒏꽴臾믩열??(???궗??????륁몛 25.29%) 12?????????롫짏?????빵??8%????곌돌 筌ㅼ?????빵??μ?6.4%繹먮?? ??λ?鈺곕슣????뼄. ??뤿릍???????????튋??????????퓝??밸뻻??

#??쵐竊쒏꽴臾믩열??#???읈??????챷??#??沅껇?紐꾩쁽 2023/01/03 10:13:01"
17,2023-01-02 01:07:01+00:00,"[??쵐竊쒏꽴臾믩열??(???궗??????륁몛 25.46%)??롫즲??? ??됰?疫? ???뜖??? 餓κ쑴?졿묾?????븐넞 ?????퓝???????筌〓챷???곻폒?紐꾩?? ???튋??筌띾???????揶??????袁㏓???밸????쎛??館鍮????뼄

#??쵐竊쒏꽴臾믩열??#???읈??????챷??#??沅껇?紐꾩쁽 2023/01/02 10:06:34"
18,2022-12-30 05:16:31+00:00,"[??쵐竊쒏꽴臾믩열?? (???궗??????륁몛 25.93%) ???봔?? 筌띾Ŧ??첎??????궗?? ??쑬??묾?????롫즲?쏅????뤿릍???쏅Ŋ?????????눘????? ???퓝??밸뻻??

#??쵐竊쒏꽴臾믩열??#???읈??????챷??#??沅껇?紐꾩쁽 2022/12/30 14:16:23"
19,2022-12-29 01:16:02+00:00,"[??쵐竊쒏꽴臾믩열??(???궗??????륁몛 26.10%)筌왖???뽳폒 ????????벥 ?쏅???? 16.5mm. ??롫짏????????쎛??????뤿퓠 ??밸????뚯?? ???뮉 沃섎????????곗쨮 ?????튋?????퓝??밸뻻??

#??쵐竊쒏꽴臾믩열??#???읈??????챷??#??沅껇?紐꾩쁽 2022/12/29 10:15:53"
20,2022-12-28 00:59:31+00:00,"[??쵐竊쒏꽴臾믩열??(???궗??????륁몛 26.27%) 筌왖???뽳폒 ???롮?????筌왖? ????????벥 ?쏅???? 16.5mm???쎛??멸쑴???밸????┛ ???????? ??????몄???눘??????퓝???袁⑹???몃빍??

#??쵐竊쒏꽴臾믩열??#???읈??????챷??#??沅껇?紐꾩쁽 2022/12/28 09:59:21"
21,2022-12-27 01:35:00+00:00,"[??쵐竊쒏꽴臾믩열??(???궗??????륁몛 26.40%)筌롫?????????궗?? ???????깆뵠 餓κ쑴? ???몵?
?쎛??멸쑴???밸????┛ ???????? ??븐넞 ???????튋, 筌왖??????????퓝????????뼄

#??쵐竊쒏꽴臾믩열??#???읈??????챷??#??沅껇?紐꾩쁽 2022/12/27 10:34:13"
22,2022-12-26 01:02:01+00:00,"[??쵐竊쒏꽴臾믩열???](???궗??????륁몛 26.57%)筌왖???뽳폒 ???롮?????筌왖? ????????벥 ?쏅???? 16.5mm???쎛??멸쑴????곷꺖???┛?????봔?곌?鍮????뼄.?????튋 ???퓝??????????강??곻폒?紐꾩??
#??쵐竊쒏꽴臾믩열??? #???읈??????챷??#??沅껇?紐꾩쁽 2022/12/26 10:01:38"
23,2022-12-22 01:14:01+00:00,"[??쵐竊쒏꽴臾믩열??(???궗??????륁몛 26.95%)??????????쵐????눘???????몄몵嚥??봔?곌?鍮????뼄. ???????뽰삂??롫뮉 ??눘??? ?뚯????????????????20% ??눘????? ???강??곻폒?紐꾩??

#??쵐竊쒏꽴臾믩열??#???읈??????챷??#??沅껇?紐꾩쁽 2022/12/22 10:13:46"
24,2022-12-21 01:04:31+00:00,"[??쵐竊쒏꽴臾믩열???] (???궗??????륁몛 27.08%)??????쑬??묾?좊???????롫즲?쏅?뺟몴???꾩퍢????됰?筌???롫즲??????????몄???뤿릍 ?類ㅼ??뤿연 ?곌????20~40% ?????튋???쎛??館鍮????뼄.

#??쵐竊쒏꽴臾믩열??? #???읈??????챷??#??沅껇?紐꾩쁽 2022/12/21 10:04:12"
25,2022-12-20 01:00:31+00:00,"[??쵐竊쒏꽴臾믩열?? (???궗??????륁몛 27.18%) ??? ????겫袁?벥 ??????몄??????튋 ???퓝???袁⑹???몃빍?? ??쑬??묾???롫즲?쏅?뺟몴??곌????뤿연 ??몄???뤿릍??곗쨮 ?쎛??멸쑴???밸???밸뻻??

#??쵐竊쒏꽴臾믩열??#???읈??????챷??#??沅껇?紐꾩쁽 2022/12/20 10:00:16"
26,2022-12-19 01:00:01+00:00,"[??쵐竊쒏꽴臾믩열?? (???궗??????륁몛 27.32%) ??롫즲?쏅????뤿릍???? ??롫즲??? ??됰?疫? ??브탢筌왖?????????┛ ????븐넞 ????? ?????곗쨮 ?????튋??????????퓝??밸뻻??

#??쵐竊쒏꽴臾믩열??#???읈??????챷??#??沅껇?紐꾩쁽 2022/12/19 09:59:48"
27,2022-12-16 01:10:01+00:00,"[??쵐竊쒏꽴臾믩열??(???궗??????륁몛 27.79%)?곗?????? ?紐꾧????紐꾨????곸뒠??? ??꾪???먮??곷퓠 ??곷툡 ?????? ??눘?????튋???????????뼄. ?????튋 ???퓝?????강??밸뻻??
#??쵐竊쒏꽴臾믩열??#???읈??????챷??#??沅껇?紐꾩쁽 2022/12/16 10:09:49"
28,2022-12-15 01:06:00+00:00,"[??쵐竊쒏꽴臾믩열??(???궗??????륁몛 27.96%)??눘??????쎛???紐껁??? ??곸뒠 ??????꿸?肉????窺筌??곌??????? ?源놁??쏅??????껉?彛??곗쨮????븐넞 ???????튋 ???퓝???쎛??館鍮????뼄.

#??쵐竊쒏꽴臾믩열??#???읈??????챷??#??沅껇?紐꾩쁽 2022/12/15 10:05:35"
29,2022-12-14 01:22:01+00:00,"[??쵐竊쒏꽴臾믩열?? (???궗??????륁몛 28.10%) ?쎛???????롫즲?쏅?????뤿릍??餓κ쑴????????? ??ｋ궢??몄몵嚥???눘?????튋???????????뼄. ??븐넞 ???????튋?????강???뚯?苑??

#??쵐竊쒏꽴臾믩열??#???읈??????챷??#??沅껇?紐꾩쁽 2022/12/14 10:21:51"
30,2022-12-13 01:12:31+00:00,"[??쵐竊쒏꽴臾믩열?? (???궗??????륁몛 28.26%) 筌띾Ŧ??첎??????궗???袁㏓????밸????????뮉 ?????쏅벤釉???ｋ궢!  ?쏅????븐넞 ???????튋 ???퓝???빍??

#??쵐竊쒏꽴臾믩열??#???읈??????챷??#??沅껇?紐꾩쁽 2022/12/13 10:12:25"
31,2022-12-12 01:00:31+00:00,"[??쵐竊쒏꽴臾믩열?? (???궗??????륁몛 28.43%) ?쎛??????? 筌띾Ŧ??첎??????궗?? ?븍뜇???????눘??뱀?餓κ쑴???????븐넞 ???퓠????눘????? ???퓝??밸뻻??

#??쵐竊쒏꽴臾믩열??#???읈??????챷??#??沅껇?紐꾩쁽 2022/12/12 10:00:23"
32,2022-12-09 01:10:30+00:00,"[??쵐竊쒏꽴臾믩열?? (???궗??????륁몛 28.87%) ???굡????? 筌뤴뫁釉??????븍릭????얩???눘竊쒏???, ??롫즲?쏅????뤿릍???????????튋 ???퓝???쎛????밸???????????몃빍??

#??쵐竊쒏꽴臾믩열??#???읈??????챷??#??沅껇?紐꾩쁽 2022/12/09 10:10:12"
33,2022-12-08 01:01:31+00:00,"[??쵐竊쒏꽴臾믩열??(???궗??????륁몛 29.04%) 筌롫?????????궗?? ???????깆뵠 餓κ쑴? ???몵??쎛??멸쑴???밸????┛ ???????? ??븐넞 ???????튋 筌왖??????????퓝????????뼄.

#??쵐竊쒏꽴臾믩열??#???읈??????챷??#??沅껇?紐꾩쁽 2022/12/08 10:01:23"
34,2022-12-07 01:05:00+00:00,"[??쵐竊쒏꽴臾믩열?? (???궗??????륁몛 29.21%) ?쎛??????? ?袁⑹????쵐????눘???????몄몵嚥??봔?곌?鍮????뼄. ??븐넞 ??20% ?????튋 ???퓝??곗쨮 ??븐뺙???쎛??멸쑴???밸???밸뻻??

#??쵐竊쒏꽴臾믩열??#???읈??????챷??#??沅껇?紐꾩쁽 2022/12/07 10:04:59"
35,2022-12-06 01:01:31+00:00,"[??쵐??(???궗??????륁몛 29.42%)
???????깆뵠 餓κ쑴? ???몵????립?뀀?붷첎? ?븍뜃????????뼄
筌뤴??? ??륁겫???????㉦??곸뒠?????????????롫뮉 ????곕???????몄몵嚥????튋??밸뻻??
#??쵐??#???읈??????챷??#??沅껇?紐꾩쁽 2022/12/06 10:01:02"
36,2022-12-05 01:00:31+00:00,"[??쵐竊쒏꽴臾믩열???](???궗??????륁몛 29.58%)???궗??????륁몛 20%?? 筌욊??? ??????몄??????튋 ???퓝???袁⑹???몃빍?? ??쑬??묾?????롫즲?쏅????뤿릍???쏅Ŋ?????쎛??멸쑴???밸???밸뻻??

#??쵐竊쒏꽴臾믩열??? #???읈??????챷??#??沅껇?紐꾩쁽 2022/12/05 10:00:09"
37,2022-12-02 01:52:31+00:00,"[??쵐竊쒏꽴臾믩열???] (???궗??????륁몛 30.13%) ???? ??쑬??묾?좊???롫즲?쏅?뺟몴???꾩퍢 ??됰?筌??紐껁??? ??롫즲??? ??몄???뤿릍 ?類ㅼ??뤿연 ?곌????? 20~40% ??눘????? ?쎛??館鍮????뼄

#??쵐竊쒏꽴臾믩열??? #???읈??????챷??#??沅껇?紐꾩쁽 2022/12/02 10:52:13"
38,2022-12-01 01:01:00+00:00,"[??쵐竊쒏꽴臾믩열???] (???궗??????륁몛 30.27%)
 ???????깆뵠 餓κ쑴? ???몵????립?뀀?붷첎? ?븍뜃????????뼄
 ??롫즲?쏅????뤿릍????????????몄??????튋 ???퓝???袁⑹???몃빍??
#??쵐竊쒏꽴臾믩열??? #???읈??????챷??#??沅껇?紐꾩쁽 2022/12/01 10:00:31"
39,2022-11-30 00:50:30+00:00,"[??쵐竊쒏꽴臾믩열???] (???궗??????륁몛 30.43%)
 ???봔?? 筌띾Ŧ??첎??????궗??
 ??쑬??묾?????롫즲?쏅????뤿릍???쏅Ŋ?????????눘????? ???퓝??밸뻻??
#??쵐竊쒏꽴臾믩열??? #???읈??????챷??#??沅껇?紐꾩쁽 2022/11/30 09:50:19"
40,2022-11-28 00:07:00+00:00,"[??쵐竊쒏꽴臾믩열??  
(???궗??????륁몛 30.76%)
??? ????? ???????깆뵠 餓κ쑴? ??꾪????????뼄.
?????튋 ???퓝??????????강???뚯?苑??
#??쵐竊쒏꽴臾믩열??#???읈??????챷??#??沅껇?紐꾩쁽 2022/11/28 09:06:51"
41,2022-11-24 08:51:00+00:00,"[??쵐竊쒏꽴臾믩열?? (???궗??????륁몛 31.08%) ??? ????? ???????깆뵠 餓κ쑴? ???몵???????????립?뀀?붷첎? ?븍뜃????????뼄. ?????튋 ???퓝??????????강?쏅?????뼄.

#??쵐竊쒏꽴臾믩열??#???읈??????챷??#??沅껇?紐꾩쁽 2022/11/24 17:50:47"
42,2022-11-11 05:00:31+00:00,"[??쵐竊쒏꽴臾믩열??(???궗??????륁몛 32.3%) ??쵐???롫짏?????????롳펷 50筌띾?????????λ???????립?뀀???쎛???苑????20% ??눘??????퓝??곗쨮 ?貫彛륅㎗?됲?筌? ??뚮???쎛???

#??쵐竊쒏꽴臾믩열??#???읈??????챷??#??沅껇?紐꾩쁽 2022/11/11 14:00:26"
43,2022-11-08 06:06:01+00:00,"[??쵐竊쒏꽴臾믩열??(???궗??????륁몛 32.5%) ??쵐???롫짏?????????롳펷 50筌띾??? ??????λ???????립?뀀???쎛???苑?????????뼄. 20% ??눘??????퓝??곗쨮 ?貫彛륅㎗?됲?筌? ???볼?쏅???
#??쵐竊쒏꽴臾믩열??#???읈??????챷??#??沅껇?紐꾩쁽 2022/11/08 15:05:59"
44,2022-11-01 02:07:00+00:00,"[??쵐竊쒏꽴臾믩열?? (???궗??????륁몛 33.4%) ??쵐??????믩갭?????궗???? ?????3??얠???????쥒????袁㏓????빍?? ??븐넞 ??20% ??눘??????퓝??곗쨮 ?貫彛륅㎗?됲?筌? ???볼?쏅???

#??쵐竊쒏꽴臾믩열??#???읈??????챷??#??沅껇?紐꾩쁽 2022/11/01 11:06:48"
